ID,Alignment,Parameter,Value
002,Instrument.Alignments.Optics.MdTLDAlign,X,-8.125000000000e-02
002,Instrument.Alignments.Optics.AlignCorrAngleUHR,[0.004;2000].Y,4.919850787492e-05
002,Instrument.Alignments.Optics.CorrStigUppYUHR,[0.002;1000].X,-6.567836868572e-03
002,Instrument.Alignments.Optics.MdSShiftTube3,Y,-4.750529087548e+01
002,Instrument.Alignments.Optics.ShiftCorrAngleUHR,[1000].X,-6.875257795614e-04
002,Instrument.Alignments.Optics.MdSImRotCheb1,,3.589000541193e-01
002,Instrument.Alignments.Optics.MdSDeflACF,[0.001].X,1.274673512526e-01
002,Instrument.Alignments.Optics.MdDeflACF,Y,1.340677128783e-01
002,Instrument.Alignments.Optics.MdACRotUpp,Y,-9.800000000000e-04
002,Instrument.Alignments.Optics.MdCompUHRRem,,-5.000000000000e+00
002,Instrument.Alignments.Optics.MdACRotLow,Y,-3.041285093319e-03
002,Instrument.Alignments.Detectors.TLD.Push,,-1.450943743343e+02
002,Instrument.Alignments.Optics.MdDeflDC1,X,1.456359119666e-01
002,Instrument.Alignments.Optics.MdHRpar4,,8.959328938144e-06
002,Instrument.Alignments.Optics.MdSImRotCheb0,,-1.608991533199e+00
002,Instrument.Alignments.Optics.MdHRSatPar1,,-2.134881482011e+01
018,Instrument.Alignments.Optics.MdTLDAlign,X,-5.520833333333e-02
018,Instrument.Alignments.Optics.AlignCorrAngleUHR,[0.004;2000].Y,-1.226345676243e-04
018,Instrument.Alignments.Optics.CorrStigUppYUHR,[0.002;1000].X,-8.280867726146e-03
018,Instrument.Alignments.Optics.MdSShiftTube3,Y,1.341934023604e+01
018,Instrument.Alignments.Optics.ShiftCorrAngleUHR,[1000].X,-2.216246885599e-04
018,Instrument.Alignments.Optics.MdSImRotCheb1,,3.600526881894e-01
018,Instrument.Alignments.Optics.MdSDeflACF,[0.001].X,1.286626317428e-01
018,Instrument.Alignments.Optics.MdDeflACF,Y,1.343196875926e-01
018,Instrument.Alignments.Optics.MdACRotUpp,Y,-9.800000000000e-04
018,Instrument.Alignments.Optics.MdCompUHRRem,,-5.000000000000e+00
018,Instrument.Alignments.Optics.MdACRotLow,Y,-3.357883026065e-03
018,Instrument.Alignments.Detectors.TLD.Push,,-1.428000000000e+02
018,Instrument.Alignments.Optics.MdDeflDC1,X,1.582453320955e-01
018,Instrument.Alignments.Optics.MdHRpar4,,4.394089991275e-07
018,Instrument.Alignments.Optics.MdSImRotCheb0,,-1.613122327039e+00
018,Instrument.Alignments.Optics.MdHRSatPar1,,-2.533180087065e+01
029,Instrument.Alignments.Optics.MdTLDAlign,X,-7.080116791617e-02
029,Instrument.Alignments.Optics.AlignCorrAngleUHR,[0.004;2000].Y,-7.009263633750e-06
029,Instrument.Alignments.Optics.CorrStigUppYUHR,[0.002;1000].X,2.149479790245e-02
029,Instrument.Alignments.Optics.MdSShiftTube3,Y,2.583827139090e+01
029,Instrument.Alignments.Optics.ShiftCorrAngleUHR,[1000].X,-5.749696070153e-05
029,Instrument.Alignments.Optics.MdSImRotCheb1,,3.452170150867e-01
029,Instrument.Alignments.Optics.MdSDeflACF,[0.001].X,1.283226540469e-01
029,Instrument.Alignments.Optics.MdDeflACF,Y,1.341809203436e-01
029,Instrument.Alignments.Optics.MdACRotUpp,Y,5.659856479549e-03
029,Instrument.Alignments.Optics.MdCompUHRRem,,-5.000000000000e+00
029,Instrument.Alignments.Optics.MdACRotLow,Y,5.089196905100e-03
029,Instrument.Alignments.Detectors.TLD.Push,,-1.500551523859e+02
029,Instrument.Alignments.Optics.MdDeflDC1,X,1.462837869780e-01
029,Instrument.Alignments.Optics.MdHRpar4,,2.702200391580e-05
029,Instrument.Alignments.Optics.MdSImRotCheb0,,-1.610677193038e+00
029,Instrument.Alignments.Optics.MdHRSatPar1,,-2.431094423106e+01
021,Instrument.Alignments.Optics.MdTLDAlign,X,-6.824976283834e-02
021,Instrument.Alignments.Optics.AlignCorrAngleUHR,[0.004;2000].Y,-4.528953618267e-05
021,Instrument.Alignments.Optics.CorrStigUppYUHR,[0.002;1000].X,-8.305617380100e-03
021,Instrument.Alignments.Optics.MdSShiftTube3,Y,-5.981913814789e+00
021,Instrument.Alignments.Optics.ShiftCorrAngleUHR,[1000].X,-2.030620414953e-04
021,Instrument.Alignments.Optics.MdSImRotCheb1,,3.561579777747e-01
021,Instrument.Alignments.Optics.MdSDeflACF,[0.001].X,1.273516880841e-01
021,Instrument.Alignments.Optics.MdDeflACF,Y,1.340446064542e-01
021,Instrument.Alignments.Optics.MdACRotUpp,Y,-9.800000000000e-04
021,Instrument.Alignments.Optics.MdCompUHRRem,,-5.000000000000e+00
021,Instrument.Alignments.Optics.MdACRotLow,Y,-4.540003824142e-03
021,Instrument.Alignments.Detectors.TLD.Push,,-1.542580073754e+02
021,Instrument.Alignments.Optics.MdDeflDC1,X,1.458994401116e-01
021,Instrument.Alignments.Optics.MdHRpar4,,5.987538353852e-06
021,Instrument.Alignments.Optics.MdSImRotCheb0,,-1.588134008148e+00
021,Instrument.Alignments.Optics.MdHRSatPar1,,-2.055961584532e+01
000,Instrument.Alignments.Optics.MdTLDAlign,X,-6.531792758398e-02
000,Instrument.Alignments.Optics.AlignCorrAngleUHR,[0.004;2000].Y,-1.973395892176e-05
000,Instrument.Alignments.Optics.CorrStigUppYUHR,[0.002;1000].X,-5.060756986335e-02
000,Instrument.Alignments.Optics.MdSShiftTube3,Y,-2.683227366691e+01
000,Instrument.Alignments.Optics.ShiftCorrAngleUHR,[1000].X,-1.174312571815e-04
000,Instrument.Alignments.Optics.MdSImRotCheb1,,3.617165435145e-01
000,Instrument.Alignments.Optics.MdSDeflACF,[0.001].X,1.281539070000e-01
000,Instrument.Alignments.Optics.MdDeflACF,Y,1.350066490842e-01
000,Instrument.Alignments.Optics.MdACRotUpp,Y,-9.800000000000e-04
000,Instrument.Alignments.Optics.MdCompUHRRem,,-4.960000000000e+00
000,Instrument.Alignments.Optics.MdACRotLow,Y,-2.150000000000e-03
000,Instrument.Alignments.Detectors.TLD.Push,,-1.725907673573e+02
000,Instrument.Alignments.Optics.MdDeflDC1,X,1.576327608488e-01
000,Instrument.Alignments.Optics.MdHRpar4,,-4.770190598243e-07
000,Instrument.Alignments.Optics.MdSImRotCheb0,,-1.610594209464e+00
000,Instrument.Alignments.Optics.MdHRSatPar1,,-1.414868026605e+01
031,Instrument.Alignments.Optics.MdTLDAlign,X,-6.258084486944e-02
031,Instrument.Alignments.Optics.AlignCorrAngleUHR,[0.004;2000].Y,-2.402187322541e-05
031,Instrument.Alignments.Optics.CorrStigUppYUHR,[0.002;1000].X,-1.967025186108e-02
031,Instrument.Alignments.Optics.MdSShiftTube3,Y,-6.570163753494e+01
031,Instrument.Alignments.Optics.ShiftCorrAngleUHR,[1000].X,-4.083333333333e-04
031,Instrument.Alignments.Optics.MdSImRotCheb1,,3.628695067006e-01
031,Instrument.Alignments.Optics.MdSDeflACF,[0.001].X,1.302173168149e-01
031,Instrument.Alignments.Optics.MdDeflACF,Y,1.345656025528e-01
031,Instrument.Alignments.Optics.MdACRotUpp,Y,3.697754677755e-03
031,Instrument.Alignments.Optics.MdCompUHRRem,,-2.000000000000e+01
031,Instrument.Alignments.Optics.MdACRotLow,Y,-2.150000000000e-03
031,Instrument.Alignments.Detectors.TLD.Push,,-1.530646482230e+02
031,Instrument.Alignments.Optics.MdDeflDC1,X,1.457481135945e-01
031,Instrument.Alignments.Optics.MdHRpar4,,-2.447075551658e-05
031,Instrument.Alignments.Optics.MdSImRotCheb0,,-1.613169419030e+00
031,Instrument.Alignments.Optics.MdHRSatPar1,,-2.176139807774e+01
034,Instrument.Alignments.Optics.MdTLDAlign,X,-6.991105293714e-02
034,Instrument.Alignments.Optics.AlignCorrAngleUHR,[0.004;2000].Y,1.556127780165e-06
034,Instrument.Alignments.Optics.CorrStigUppYUHR,[0.002;1000].X,-4.218488631356e-02
034,Instrument.Alignments.Optics.MdSShiftTube3,Y,-4.376061783344e+01
034,Instrument.Alignments.Optics.ShiftCorrAngleUHR,[1000].X,-6.835221367577e-04
034,Instrument.Alignments.Optics.MdSImRotCheb1,,3.634795706447e-01
034,Instrument.Alignments.Optics.MdSDeflACF,[0.001].X,1.294814759440e-01
034,Instrument.Alignments.Optics.MdDeflACF,Y,1.345999683843e-01
034,Instrument.Alignments.Optics.MdACRotUpp,Y,-9.800000000000e-04
034,Instrument.Alignments.Optics.MdCompUHRRem,,-5.000000000000e+00
034,Instrument.Alignments.Optics.MdACRotLow,Y,6.915836690733e-04
034,Instrument.Alignments.Detectors.TLD.Push,,-1.537360376208e+02
034,Instrument.Alignments.Optics.MdDeflDC1,X,1.464645001930e-01
034,Instrument.Alignments.Optics.MdHRpar4,,6.181311138823e-06
034,Instrument.Alignments.Optics.MdSImRotCheb0,,-1.610190532215e+00
034,Instrument.Alignments.Optics.MdHRSatPar1,,-2.148695857464e+01
007,Instrument.Alignments.Optics.MdTLDAlign,X,-6.894529807032e-02
007,Instrument.Alignments.Optics.AlignCorrAngleUHR,[0.004;2000].Y,-4.132432722942e-05
007,Instrument.Alignments.Optics.CorrStigUppYUHR,[0.002;1000].X,-2.078686500391e-02
007,Instrument.Alignments.Optics.MdSShiftTube3,Y,1.420816813286e+01
007,Instrument.Alignments.Optics.ShiftCorrAngleUHR,[1000].X,1.362661516127e-04
007,Instrument.Alignments.Optics.MdSImRotCheb1,,3.568749709730e-01
007,Instrument.Alignments.Optics.MdSDeflACF,[0.001].X,1.294051880431e-01
007,Instrument.Alignments.Optics.MdDeflACF,Y,1.342548142112e-01
007,Instrument.Alignments.Optics.MdACRotUpp,Y,-9.800000000000e-04
007,Instrument.Alignments.Optics.MdCompUHRRem,,-5.000000000000e+00
007,Instrument.Alignments.Optics.MdACRotLow,Y,-8.367834042297e-04
007,Instrument.Alignments.Detectors.TLD.Push,,-1.306091069115e+02
007,Instrument.Alignments.Optics.MdDeflDC1,X,1.573466767617e-01
007,Instrument.Alignments.Optics.MdHRpar4,,-2.908637822432e-05
007,Instrument.Alignments.Optics.MdSImRotCheb0,,-1.610784530841e+00
007,Instrument.Alignments.Optics.MdHRSatPar1,,-2.129128241403e+01
005,Instrument.Alignments.Optics.MdTLDAlign,X,-6.192420995489e-02
005,Instrument.Alignments.Optics.AlignCorrAngleUHR,[0.004;2000].Y,-3.280849587177e-05
005,Instrument.Alignments.Optics.CorrStigUppYUHR,[0.002;1000].X,2.035328676539e-02
005,Instrument.Alignments.Optics.MdSShiftTube3,Y,-1.777432746305e+01
005,Instrument.Alignments.Optics.ShiftCorrAngleUHR,[1000].X,-1.538847409481e-04
005,Instrument.Alignments.Optics.MdSImRotCheb1,,3.546195799397e-01
005,Instrument.Alignments.Optics.MdSDeflACF,[0.001].X,1.281114617364e-01
005,Instrument.Alignments.Optics.MdDeflACF,Y,1.340934676838e-01
005,Instrument.Alignments.Optics.MdACRotUpp,Y,-9.198041160118e-04
005,Instrument.Alignments.Optics.MdCompUHRRem,,-5.000000000000e+00
005,Instrument.Alignments.Optics.MdACRotLow,Y,-4.814335353322e-03
005,Instrument.Alignments.Detectors.TLD.Push,,-1.325241526172e+02
005,Instrument.Alignments.Optics.MdDeflDC1,X,1.459359362986e-01
005,Instrument.Alignments.Optics.MdHRpar4,,-1.990066591452e-06
005,Instrument.Alignments.Optics.MdSImRotCheb0,,-1.608432184022e+00
005,Instrument.Alignments.Optics.MdHRSatPar1,,-2.088846987525e+01
004,Instrument.Alignments.Optics.MdTLDAlign,X,-6.314229110359e-02
004,Instrument.Alignments.Optics.AlignCorrAngleUHR,[0.004;2000].Y,-4.909879620355e-04
004,Instrument.Alignments.Optics.CorrStigUppYUHR,[0.002;1000].X,1.649914602024e-02
004,Instrument.Alignments.Optics.MdSShiftTube3,Y,3.888184732118e+01
004,Instrument.Alignments.Optics.ShiftCorrAngleUHR,[1000].X,2.302904359626e-04
004,Instrument.Alignments.Optics.MdSImRotCheb1,,3.558565181632e-01
004,Instrument.Alignments.Optics.MdSDeflACF,[0.001].X,1.312149979425e-01
004,Instrument.Alignments.Optics.MdDeflACF,Y,1.354330383448e-01
004,Instrument.Alignments.Optics.MdACRotUpp,Y,-9.800000000000e-04
004,Instrument.Alignments.Optics.MdCompUHRRem,,-5.000000000000e+00
004,Instrument.Alignments.Optics.MdACRotLow,Y,-3.666397552903e-03
004,Instrument.Alignments.Detectors.TLD.Push,,-1.535723685337e+02
004,Instrument.Alignments.Optics.MdDeflDC1,X,1.466344315424e-01
004,Instrument.Alignments.Optics.MdHRpar4,,9.296151381421e-06
004,Instrument.Alignments.Optics.MdSImRotCheb0,,-1.595627814184e+00
004,Instrument.Alignments.Optics.MdHRSatPar1,,-2.015015040077e+01
009,Instrument.Alignments.Optics.MdTLDAlign,X,-6.497462442995e-02
009,Instrument.Alignments.Optics.AlignCorrAngleUHR,[0.004;2000].Y,3.836009085528e-05
009,Instrument.Alignments.Optics.CorrStigUppYUHR,[0.002;1000].X,-6.528300829464e-03
009,Instrument.Alignments.Optics.MdSShiftTube3,Y,-1.970654912325e+01
009,Instrument.Alignments.Optics.ShiftCorrAngleUHR,[1000].X,6.902759841337e-04
009,Instrument.Alignments.Optics.MdSImRotCheb1,,3.535230378498e-01
009,Instrument.Alignments.Optics.MdSDeflACF,[0.001].X,1.283034151909e-01
009,Instrument.Alignments.Optics.MdDeflACF,Y,1.346140823082e-01
009,Instrument.Alignments.Optics.MdACRotUpp,Y,3.836067220002e-03
009,Instrument.Alignments.Optics.MdCompUHRRem,,-5.000000000000e+00
009,Instrument.Alignments.Optics.MdACRotLow,Y,-6.546819968850e-04
009,Instrument.Alignments.Detectors.TLD.Push,,-1.528200151450e+02
009,Instrument.Alignments.Optics.MdDeflDC1,X,1.578844133413e-01
009,Instrument.Alignments.Optics.MdHRpar4,,1.458039230180e-05
009,Instrument.Alignments.Optics.MdSImRotCheb0,,-1.603551439772e+00
009,Instrument.Alignments.Optics.MdHRSatPar1,,-2.349106225231e+01
014,Instrument.Alignments.Optics.MdTLDAlign,X,-6.164650107724e-02
014,Instrument.Alignments.Optics.AlignCorrAngleUHR,[0.004;2000].Y,4.174667822612e-05
014,Instrument.Alignments.Optics.CorrStigUppYUHR,[0.002;1000].X,-4.103371280942e-02
014,Instrument.Alignments.Optics.MdSShiftTube3,Y,-3.826220129051e+01
014,Instrument.Alignments.Optics.ShiftCorrAngleUHR,[1000].X,9.702175033949e-05
014,Instrument.Alignments.Optics.MdSImRotCheb1,,3.570647413362e-01
014,Instrument.Alignments.Optics.MdSDeflACF,[0.001].X,1.288870708898e-01
014,Instrument.Alignments.Optics.MdDeflACF,Y,1.347761903502e-01
014,Instrument.Alignments.Optics.MdACRotUpp,Y,-9.800000000000e-04
014,Instrument.Alignments.Optics.MdCompUHRRem,,-5.000000000000e+00
014,Instrument.Alignments.Optics.MdACRotLow,Y,-1.737167373214e-03
014,Instrument.Alignments.Detectors.TLD.Push,,-1.464427347141e+02
014,Instrument.Alignments.Optics.MdDeflDC1,X,1.457217227922e-01
014,Instrument.Alignments.Optics.MdHRpar4,,2.866745340159e-05
014,Instrument.Alignments.Optics.MdSImRotCheb0,,-1.610346972246e+00
014,Instrument.Alignments.Optics.MdHRSatPar1,,-1.860387563077e+01
006,Instrument.Alignments.Optics.MdTLDAlign,X,-6.732846336356e-02
006,Instrument.Alignments.Optics.AlignCorrAngleUHR,[0.004;2000].Y,-7.931394565013e-05
006,Instrument.Alignments.Optics.CorrStigUppYUHR,[0.002;1000].X,4.440626267976e-03
006,Instrument.Alignments.Optics.MdSShiftTube3,Y,9.069935004948e+01
006,Instrument.Alignments.Optics.ShiftCorrAngleUHR,[1000].X,-9.502443777878e-04
006,Instrument.Alignments.Optics.MdSImRotCheb1,,3.583328753692e-01
006,Instrument.Alignments.Optics.MdSDeflACF,[0.001].X,1.296284132812e-01
006,Instrument.Alignments.Optics.MdDeflACF,Y,1.348205659149e-01
006,Instrument.Alignments.Optics.MdACRotUpp,Y,-9.800000000000e-04
006,Instrument.Alignments.Optics.MdCompUHRRem,,-1.900000000000e+01
006,Instrument.Alignments.Optics.MdACRotLow,Y,-5.489622367293e-04
006,Instrument.Alignments.Detectors.TLD.Push,,-1.551583140064e+02
006,Instrument.Alignments.Optics.MdDeflDC1,X,1.577796093592e-01
006,Instrument.Alignments.Optics.MdHRpar4,,3.999459929874e-05
006,Instrument.Alignments.Optics.MdSImRotCheb0,,-1.600094263416e+00
006,Instrument.Alignments.Optics.MdHRSatPar1,,-2.148438533908e+01
001,Instrument.Alignments.Optics.MdTLDAlign,X,-9.140488294105e-02
001,Instrument.Alignments.Optics.AlignCorrAngleUHR,[0.004;2000].Y,-5.993740555334e-05
001,Instrument.Alignments.Optics.CorrStigUppYUHR,[0.002;1000].X,-2.646439350540e-02
001,Instrument.Alignments.Optics.MdSShiftTube3,Y,-5.468965656511e+01
001,Instrument.Alignments.Optics.ShiftCorrAngleUHR,[1000].X,2.040171363528e-04
001,Instrument.Alignments.Optics.MdSImRotCheb1,,3.612101156728e-01
001,Instrument.Alignments.Optics.MdSDeflACF,[0.001].X,1.299526868588e-01
001,Instrument.Alignments.Optics.MdDeflACF,Y,1.338112056937e-01
001,Instrument.Alignments.Optics.MdACRotUpp,Y,-9.800000000000e-04
001,Instrument.Alignments.Optics.MdCompUHRRem,,-5.000000000000e+00
001,Instrument.Alignments.Optics.MdACRotLow,Y,-1.033549992537e-03
001,Instrument.Alignments.Detectors.TLD.Push,,-1.422609892380e+02
001,Instrument.Alignments.Optics.MdDeflDC1,X,1.458026577705e-01
001,Instrument.Alignments.Optics.MdHRpar4,,2.046565595034e-05
001,Instrument.Alignments.Optics.MdSImRotCheb0,,-1.613985729988e+00
001,Instrument.Alignments.Optics.MdHRSatPar1,,-2.441970330864e+01
028,Instrument.Alignments.Optics.MdTLDAlign,X,-8.812500000000e-02
028,Instrument.Alignments.Optics.AlignCorrAngleUHR,[0.004;2000].Y,-7.849979748064e-05
028,Instrument.Alignments.Optics.CorrStigUppYUHR,[0.002;1000].X,-2.548689173929e-02
028,Instrument.Alignments.Optics.MdSShiftTube3,Y,-1.412800416178e+00
028,Instrument.Alignments.Optics.ShiftCorrAngleUHR,[1000].X,7.916666666667e-04
028,Instrument.Alignments.Optics.MdSImRotCheb1,,3.557273726903e-01
028,Instrument.Alignments.Optics.MdSDeflACF,[0.001].X,1.324792140893e-01
028,Instrument.Alignments.Optics.MdDeflACF,Y,1.377991881500e-01
028,Instrument.Alignments.Optics.MdACRotUpp,Y,-9.800000000000e-04
028,Instrument.Alignments.Optics.MdCompUHRRem,,-5.000000000000e+00
028,Instrument.Alignments.Optics.MdACRotLow,Y,-2.150000000000e-03
028,Instrument.Alignments.Detectors.TLD.Push,,-1.562000000000e+02
028,Instrument.Alignments.Optics.MdDeflDC1,X,1.418153378943e-01
028,Instrument.Alignments.Optics.MdHRpar4,,-1.683587792227e-05
028,Instrument.Alignments.Optics.MdSImRotCheb0,,-1.608164478467e+00
028,Instrument.Alignments.Optics.MdHRSatPar1,,-2.310348655160e+01
020,Instrument.Alignments.Optics.MdTLDAlign,X,-6.093750000000e-02
020,Instrument.Alignments.Optics.AlignCorrAngleUHR,[0.004;2000].Y,1.065000000000e-04
020,Instrument.Alignments.Optics.CorrStigUppYUHR,[0.002;1000].X,-3.608947636056e-02
020,Instrument.Alignments.Optics.MdSShiftTube3,Y,-8.966459918434e+01
020,Instrument.Alignments.Optics.ShiftCorrAngleUHR,[1000].X,-1.130467634291e-04
020,Instrument.Alignments.Optics.MdSImRotCheb1,,3.543858167521e-01
020,Instrument.Alignments.Optics.MdSDeflACF,[0.001].X,1.328511091454e-01
020,Instrument.Alignments.Optics.MdDeflACF,Y,1.375136276533e-01
020,Instrument.Alignments.Optics.MdACRotUpp,Y,-1.380180716810e-02
020,Instrument.Alignments.Optics.MdCompUHRRem,,-5.000000000000e+00
020,Instrument.Alignments.Optics.MdACRotLow,Y,-1.324423794890e-02
020,Instrument.Alignments.Detectors.TLD.Push,,-1.540087138386e+02
020,Instrument.Alignments.Optics.MdDeflDC1,X,1.489189566828e-01
020,Instrument.Alignments.Optics.MdHRpar4,,1.100169071214e-05
020,Instrument.Alignments.Optics.MdSImRotCheb0,,-1.611184709586e+00
020,Instrument.Alignments.Optics.MdHRSatPar1,,-2.349858897519e+01
027,Instrument.Alignments.Optics.MdTLDAlign,X,-5.833333333333e-02
027,Instrument.Alignments.Optics.AlignCorrAngleUHR,[0.004;2000].Y,1.101259250149e-04
027,Instrument.Alignments.Optics.CorrStigUppYUHR,[0.002;1000].X,-2.006870953813e-03
027,Instrument.Alignments.Optics.MdSShiftTube3,Y,5.172102317030e+01
027,Instrument.Alignments.Optics.ShiftCorrAngleUHR,[1000].X,-7.166666666667e-04
027,Instrument.Alignments.Optics.MdSImRotCheb1,,3.538523480714e-01
027,Instrument.Alignments.Optics.MdSDeflACF,[0.001].X,1.351318968526e-01
027,Instrument.Alignments.Optics.MdDeflACF,Y,1.374044005934e-01
027,Instrument.Alignments.Optics.MdACRotUpp,Y,8.755290424976e-03
027,Instrument.Alignments.Optics.MdCompUHRRem,,-4.940000000000e+00
027,Instrument.Alignments.Optics.MdACRotLow,Y,9.951612903226e-04
027,Instrument.Alignments.Detectors.TLD.Push,,-1.658199577726e+02
027,Instrument.Alignments.Optics.MdDeflDC1,X,1.427039725030e-01
027,Instrument.Alignments.Optics.MdHRpar4,,-2.427669341826e-05
027,Instrument.Alignments.Optics.MdSImRotCheb0,,-1.610756484764e+00
027,Instrument.Alignments.Optics.MdHRSatPar1,,-2.239098440729e+01
024,Instrument.Alignments.Optics.MdTLDAlign,X,-2.604166666667e-02
024,Instrument.Alignments.Optics.AlignCorrAngleUHR,[0.004;2000].Y,2.041621344893e-05
024,Instrument.Alignments.Optics.CorrStigUppYUHR,[0.002;1000].X,-1.395072609715e-02
024,Instrument.Alignments.Optics.MdSShiftTube3,Y,-3.446437948309e+01
024,Instrument.Alignments.Optics.ShiftCorrAngleUHR,[1000].X,1.472023645054e-04
024,Instrument.Alignments.Optics.MdSImRotCheb1,,3.567362725301e-01
024,Instrument.Alignments.Optics.MdSDeflACF,[0.001].X,1.349599147559e-01
024,Instrument.Alignments.Optics.MdDeflACF,Y,1.379937593318e-01
024,Instrument.Alignments.Optics.MdACRotUpp,Y,2.000000000000e-03
024,Instrument.Alignments.Optics.MdCompUHRRem,,-5.000000000000e+00
024,Instrument.Alignments.Optics.MdACRotLow,Y,-8.672634954570e-04
024,Instrument.Alignments.Detectors.TLD.Push,,-1.551671158742e+02
024,Instrument.Alignments.Optics.MdDeflDC1,X,1.421231064659e-01
024,Instrument.Alignments.Optics.MdHRpar4,,-2.495593005762e-06
024,Instrument.Alignments.Optics.MdSImRotCheb0,,-1.605769627990e+00
024,Instrument.Alignments.Optics.MdHRSatPar1,,-1.757200300383e+01
003,Instrument.Alignments.Optics.MdTLDAlign,X,0.000000000000e+00
003,Instrument.Alignments.Optics.AlignCorrAngleUHR,[0.004;2000].Y,-1.741051794908e-05
003,Instrument.Alignments.Optics.CorrStigUppYUHR,[0.002;1000].X,3.010810849357e-03
003,Instrument.Alignments.Optics.MdSShiftTube3,Y,3.025097052969e+01
003,Instrument.Alignments.Optics.ShiftCorrAngleUHR,[1000].X,-8.333333333333e-06
003,Instrument.Alignments.Optics.MdSImRotCheb1,,3.655954067488e-01
003,Instrument.Alignments.Optics.MdSDeflACF,[0.001].X,1.319902867816e-01
003,Instrument.Alignments.Optics.MdDeflACF,Y,1.379256697827e-01
003,Instrument.Alignments.Optics.MdACRotUpp,Y,-9.800000000000e-04
003,Instrument.Alignments.Optics.MdCompUHRRem,,-5.000000000000e+00
003,Instrument.Alignments.Optics.MdACRotLow,Y,-2.150000000000e-03
003,Instrument.Alignments.Detectors.TLD.Push,,-1.685486247087e+02
003,Instrument.Alignments.Optics.MdDeflDC1,X,1.488882223217e-01
003,Instrument.Alignments.Optics.MdHRpar4,,3.866741399352e-05
003,Instrument.Alignments.Optics.MdSImRotCheb0,,-1.609978852666e+00
003,Instrument.Alignments.Optics.MdHRSatPar1,,-1.907737958798e+01
015,Instrument.Alignments.Optics.MdTLDAlign,X,0.000000000000e+00
015,Instrument.Alignments.Optics.AlignCorrAngleUHR,[0.004;2000].Y,-1.026884591565e-04
015,Instrument.Alignments.Optics.CorrStigUppYUHR,[0.002;1000].X,-2.211405159526e-02
015,Instrument.Alignments.Optics.MdSShiftTube3,Y,4.753028744857e+01
015,Instrument.Alignments.Optics.ShiftCorrAngleUHR,[1000].X,2.500000000000e-04
015,Instrument.Alignments.Optics.MdSImRotCheb1,,3.451422451510e-01
015,Instrument.Alignments.Optics.MdSDeflACF,[0.001].X,1.290250863748e-01
015,Instrument.Alignments.Optics.MdDeflACF,Y,1.380789741985e-01
015,Instrument.Alignments.Optics.MdACRotUpp,Y,-9.800000000000e-04
015,Instrument.Alignments.Optics.MdCompUHRRem,,-5.000000000000e+00
015,Instrument.Alignments.Optics.MdACRotLow,Y,-2.150000000000e-03
015,Instrument.Alignments.Detectors.TLD.Push,,-1.686913134322e+02
015,Instrument.Alignments.Optics.MdDeflDC1,X,1.421923343770e-01
015,Instrument.Alignments.Optics.MdHRpar4,,9.549750916880e-06
015,Instrument.Alignments.Optics.MdSImRotCheb0,,-1.607301625531e+00
015,Instrument.Alignments.Optics.MdHRSatPar1,,-2.161134005994e+01
035,Instrument.Alignments.Optics.MdTLDAlign,X,-4.068463009724e-02
035,Instrument.Alignments.Optics.AlignCorrAngleUHR,[0.004;2000].Y,3.645612200550e-04
035,Instrument.Alignments.Optics.CorrStigUppYUHR,[0.002;1000].X,-4.684547371776e-02
035,Instrument.Alignments.Optics.MdSShiftTube3,Y,-2.832970384445e+01
035,Instrument.Alignments.Optics.ShiftCorrAngleUHR,[1000].X,-7.148640874878e-04
035,Instrument.Alignments.Optics.MdSImRotCheb1,,3.563551807839e-01
035,Instrument.Alignments.Optics.MdSDeflACF,[0.001].X,1.329236815430e-01
035,Instrument.Alignments.Optics.MdDeflACF,Y,1.385142800496e-01
035,Instrument.Alignments.Optics.MdACRotUpp,Y,1.600000000000e-02
035,Instrument.Alignments.Optics.MdCompUHRRem,,-5.000000000000e+00
035,Instrument.Alignments.Optics.MdACRotLow,Y,9.787842669845e-03
035,Instrument.Alignments.Detectors.TLD.Push,,-1.309108912820e+02
035,Instrument.Alignments.Optics.MdDeflDC1,X,1.427732583490e-01
035,Instrument.Alignments.Optics.MdHRpar4,,-1.482203540425e-05
035,Instrument.Alignments.Optics.MdSImRotCheb0,,-1.615628697600e+00
035,Instrument.Alignments.Optics.MdHRSatPar1,,-2.326374406634e+01
026,Instrument.Alignments.Optics.MdTLDAlign,X,-2.052083333333e-02
026,Instrument.Alignments.Optics.AlignCorrAngleUHR,[0.004;2000].Y,2.296840177593e-06
026,Instrument.Alignments.Optics.CorrStigUppYUHR,[0.002;1000].X,-1.292423604367e-03
026,Instrument.Alignments.Optics.MdSShiftTube3,Y,-8.108160426319e+01
026,Instrument.Alignments.Optics.ShiftCorrAngleUHR,[1000].X,5.197466981209e-04
026,Instrument.Alignments.Optics.MdSImRotCheb1,,3.577262250704e-01
026,Instrument.Alignments.Optics.MdSDeflACF,[0.001].X,1.317153403125e-01
026,Instrument.Alignments.Optics.MdDeflACF,Y,1.375691540713e-01
026,Instrument.Alignments.Optics.MdACRotUpp,Y,2.000000000000e-03
026,Instrument.Alignments.Optics.MdCompUHRRem,,-5.020000000000e+00
026,Instrument.Alignments.Optics.MdACRotLow,Y,-2.150000000000e-03
026,Instrument.Alignments.Detectors.TLD.Push,,-1.523954959547e+02
026,Instrument.Alignments.Optics.MdDeflDC1,X,1.425105775446e-01
026,Instrument.Alignments.Optics.MdHRpar4,,2.103404297490e-05
026,Instrument.Alignments.Optics.MdSImRotCheb0,,-1.610372228389e+00
026,Instrument.Alignments.Optics.MdHRSatPar1,,-2.206204523708e+01
023,Instrument.Alignments.Optics.MdTLDAlign,X,-6.522497317554e-02
023,Instrument.Alignments.Optics.AlignCorrAngleUHR,[0.004;2000].Y,-2.159466968410e-04
023,Instrument.Alignments.Optics.CorrStigUppYUHR,[0.002;1000].X,3.785134835394e-02
023,Instrument.Alignments.Optics.MdSShiftTube3,Y,-3.919526249810e+01
023,Instrument.Alignments.Optics.ShiftCorrAngleUHR,[1000].X,-2.254600596781e-04
023,Instrument.Alignments.Optics.MdSImRotCheb1,,3.514003955740e-01
023,Instrument.Alignments.Optics.MdSDeflACF,[0.001].X,1.333554095653e-01
023,Instrument.Alignments.Optics.MdDeflACF,Y,1.378868115098e-01
023,Instrument.Alignments.Optics.MdACRotUpp,Y,8.000000000000e-03
023,Instrument.Alignments.Optics.MdCompUHRRem,,-5.000000000000e+00
023,Instrument.Alignments.Optics.MdACRotLow,Y,5.833333333333e-03
023,Instrument.Alignments.Detectors.TLD.Push,,-1.451292772830e+02
023,Instrument.Alignments.Optics.MdDeflDC1,X,1.420677043358e-01
023,Instrument.Alignments.Optics.MdHRpar4,,4.315637435751e-05
023,Instrument.Alignments.Optics.MdSImRotCheb0,,-1.615446499744e+00
023,Instrument.Alignments.Optics.MdHRSatPar1,,-1.517906934615e+01
011,Instrument.Alignments.Optics.MdTLDAlign,X,5.319497998015e-02
011,Instrument.Alignments.Optics.AlignCorrAngleUHR,[0.004;2000].Y,2.131326130877e-04
011,Instrument.Alignments.Optics.CorrStigUppYUHR,[0.002;1000].X,-3.081717424998e-02
011,Instrument.Alignments.Optics.MdSShiftTube3,Y,-1.581271944019e+01
011,Instrument.Alignments.Optics.ShiftCorrAngleUHR,[1000].X,5.065348705198e-05
011,Instrument.Alignments.Optics.MdSImRotCheb1,,3.555518872472e-01
011,Instrument.Alignments.Optics.MdSDeflACF,[0.001].X,1.409919632330e-01
011,Instrument.Alignments.Optics.MdDeflACF,Y,1.388296206711e-01
011,Instrument.Alignments.Optics.MdACRotUpp,Y,0.000000000000e+00
011,Instrument.Alignments.Optics.MdCompUHRRem,,-5.000000000000e+00
011,Instrument.Alignments.Optics.MdACRotLow,Y,-1.000633827278e-03
011,Instrument.Alignments.Detectors.TLD.Push,,-1.618504525298e+02
011,Instrument.Alignments.Optics.MdDeflDC1,X,1.489808520380e-01
011,Instrument.Alignments.Optics.MdHRpar4,,9.406347179664e-05
011,Instrument.Alignments.Optics.MdSImRotCheb0,,-1.607278156937e+00
011,Instrument.Alignments.Optics.MdHRSatPar1,,-2.107306379266e+01
